{
    "loss": 26.194965362548828,
    "accuracy": 0.48201438784599304
}